<?xml version="1.0" encoding="UTF-8"?>
<project-private xmlns="http://www.netbeans.org/ns/project-private/1">
    <editor-bookmarks xmlns="http://www.netbeans.org/ns/editor-bookmarks/2" lastBookmarkId="0"/>
    <open-files xmlns="http://www.netbeans.org/ns/projectui-open-files/2">
        <group>
            <file>file:/E:/Khorshed/TaskManagementSystem/src/Factory/pattern/UserRoleFactory.java</file>
            <file>file:/E:/Khorshed/TaskManagementSystem/src/models/Task.java</file>
            <file>file:/E:/Khorshed/TaskManagementSystem/src/models/FeatureTask.java</file>
            <file>file:/E:/Khorshed/TaskManagementSystem/src/Role/Types/AdminRole.java</file>
            <file>file:/E:/Khorshed/TaskManagementSystem/src/Factory/pattern/TaskTypes.java</file>
            <file>file:/E:/Khorshed/TaskManagementSystem/src/TaskManagementGUI/TaskManagementGUI.java</file>
            <file>file:/E:/Khorshed/TaskManagementSystem/src/models/Improvement.java</file>
            <file>file:/E:/Khorshed/TaskManagementSystem/src/models/BugTask.java</file>
        </group>
    </open-files>
</project-private>
